ID,ln(Alanine),Arginine,Asparagine,Aspartic_acid,ln(Glutamic_acid),ln(Glutamine),Glycine,-1/Isoleucine,Leucine,ln(Lysine),Phenylalanine,ln(Serine),Threonine,ln(Tyrosine),Area,Length,Width,Diameter,ln(KHI),Weight,-1/(500-HFN)
1,-1.165518154,0.082547926,0.956816528,0.997469465,-0.33683239,-2.813140487,0.114033926,-10.31780256,0.124674109,-1.915482067,0.110850258,-3.499036289,0.371074787,-2.157342666,20.6,7,3.733333333,3.415092734,4.238083262,35.02302116,-0.00477327
2,-1.050608451,,1.048619155,1.31114469,-0.160164621,-3.039105269,0.161489732,-11.08065949,0.135542411,-1.800581663,0.115629748,-2.897107393,,-2.097271637,21.1,7.233333333,3.733333333,3.199429936,4.253826217,33.67691789,-0.005681818
3,-0.781691839,,1.627612055,2.829012715,0.185951361,-1.919809626,0.188625393,-6.933368821,0.145350038,-1.801079242,0.128328765,-2.247061043,,-1.943744294,21.33333333,7.1,3.766666667,3.176237394,4.290222703,32.39469748,-0.00862069
4,-0.920923421,,1.363805334,1.529548282,0.100398795,-2.764449996,0.182367124,-10.09474769,0.144156663,-1.755612899,0.122077594,-2.64757784,,-1.891387659,18.26666667,6.7,3.466666667,2.861589049,4.399895375,27.06199914,-0.007575758
5,-0.867915916,,1.627947077,1.775141679,0.059539523,-2.262407002,0.205175566,-9.299083618,0.133001982,-1.754829243,0.113890222,-2.568193759,,-1.130161035,20,7.1,3.566666667,3.110679602,4.294039565,30.69419641,-0.007843137
6,,,,,,,,,,,,,,,,,,,,,
7,-1.071461458,,1.339124376,1.874807595,-0.098297705,-2.36595734,0.137881741,-8.079617912,0.153907796,-1.857361186,0.129442955,-2.62939009,,-2.109186233,22.06666667,7.133333333,3.9,3.42241249,4.16278657,37.43383886,-0.005420054
8,-1.066750586,,1.307213232,2.19830144,-0.089791945,-2.512465564,0.146997927,-8.486853872,0.130257649,-1.897625426,0.116619999,-2.680383824,,-2.287566578,18.96666667,6.9,3.5,2.821928738,4.390119515,26.67109692,-0.009478673
9,-0.990369734,,1.051759494,1.853323036,-0.141960598,-2.883001606,0.155795802,-9.573014362,0.128310191,-1.821943152,0.113711491,-2.628844029,,-1.82256181,19.66666667,7.066666667,3.533333333,3.02011738,4.202893789,30.29873111,-0.00619195
10,-1.076123833,,1.348218277,1.932401958,-0.057387171,-2.076947869,0.158462419,-8.419737026,0.141605626,-1.820453882,0.118192472,-2.790601584,,-2.000058214,19.9,6.966666667,3.633333333,3.040821963,4.288651288,31.3360671,-0.008733624
11,-1.196300419,,0.944728099,1.441608508,-0.232531289,-3.089124364,0.122559085,-10.02717625,0.133764611,-1.914776773,0.117945057,-3.255300678,0.353757413,-1.929688846,21,7.1,3.766666667,3.327963696,4.278294128,35.06408869,-0.008264463
12,-1.013441559,,1.101376187,2.069910157,-0.068493089,-2.255594366,0.118283852,-8.133579335,0.155643779,-1.747907558,0.141625059,-3.043589247,0.321115914,-1.671358402,22.96666667,7.6,3.8,3.393853312,4.063898887,39.33511466,-0.005882353
13,-0.950891936,,1.180755449,1.51923428,-0.027422113,-2.287363629,0.139138536,-8.393259246,0.15724877,-1.732663586,0.128054469,-2.907887106,0.447374961,-1.383321269,20.36666667,7.166666667,3.566666667,3.016418713,4.311575034,31.23111663,-0.007751938
14,-0.911787902,,1.220810203,1.52589557,-0.162898756,-2.32692707,0.126854286,-6.88423848,0.170490652,-1.661502762,0.138400098,-2.815277625,0.532021425,-1.455999413,22.03333333,7.3,3.833333333,3.197976326,4.201332107,36.26113189,-0.007692308
15,-0.98928335,,0.950704083,1.825980684,-0.061910442,-2.567206792,0.128367308,-9.293910054,0.174525516,-1.693997356,0.152546486,-3.047651153,0.311017497,-2.08584219,20.46666667,7.1,3.666666667,3.230983258,4.228590341,33.6738759,-0.010638298
16,-1.185151995,,0.899428244,0.835656134,-0.531855656,-2.706434757,0.114439268,-11.094689,0.116194066,-1.802296827,0.101957051,-3.290003017,0.440214354,-1.89944278,20.5,6.866666667,3.8,3.2989701,4.214392026,35.50062167,-0.004819277
17,-0.914846905,,1.16235721,1.243486467,-0.076295802,-2.392225191,0.131320956,-8.224421974,0.163340878,-1.615870392,0.135268713,-2.936058146,0.442848262,-1.887226633,21.06666667,7.033333333,3.8,3.320708761,4.295784328,37.08856706,-0.004016064
18,-1.230726265,,0.765563928,1.822918172,-0.439649996,-3.156846895,0.097871914,-11.00841144,0.124612423,-1.953085926,0.111838977,-3.291942931,0.238652368,-1.838920293,20.8,7.033333333,3.733333333,3.271860505,4.180867856,35.69835431,-0.007936508
19,-0.89482274,0.022017909,1.243966514,2.185802197,0.042509152,-1.830640386,0.125478674,-6.636793706,0.199672753,-1.635310182,0.170243517,-2.512375508,0.448193496,-1.657955043,21.46666667,7.3,3.7,3.044099331,4.254771406,32.6471869,-0.006644518
20,-1.050778585,0.05163772,1.113359556,1.55477377,-0.225139387,-2.211365769,0.125113711,-7.387469503,0.162953142,-1.761032536,0.138289905,-2.709670082,0.385135011,-1.467880713,21.1,7.266666667,3.7,3.2715358,4.149441246,34.73098519,-0.005076142
21,-1.076522546,0.055378702,1.283880977,1.203139561,-0.105629451,-2.048189913,0.135576178,-9.427120043,0.1528967,-1.686137218,0.128584457,-2.672030143,0.503877808,-2.160276787,23.73333333,7.433333333,4.1,3.839480223,4.153595406,44.70888048,-0.003484321
22,-0.996384683,0.035720366,1.207234526,1.463973096,-0.087219103,-2.161880187,0.136093244,-9.048480519,0.135056831,-1.739819653,0.115692239,-2.78775772,0.563717105,-2.065949056,21.7,7.2,3.833333333,3.376803813,4.195050994,37.31824125,-0.007380074
23,-1.031769535,0.057739979,1.060133678,2.309778487,-0.130314913,-2.708843351,0.121004301,-8.915075676,0.146316612,-1.720191009,0.134343772,-2.825911274,0.304741966,-2.263105365,19.5,6.8,3.666666667,3.33586132,4.234536568,33.33468821,-0.010416667
24,-1.091861932,0.046083087,0.905069219,1.456600403,-0.267620199,-2.841308962,0.112638268,-9.194020195,0.140031998,-1.807291182,0.121226084,-2.972676649,0.402479645,-2.235705028,20.16666667,7,3.666666667,3.151358343,4.229377313,32.55592566,-0.009345794
25,-1.117177785,0.054327028,0.972859513,1.113210909,-0.106221788,-2.583690585,0.109228181,-8.428319582,0.154473817,-1.70694562,0.128301951,-2.939007595,0.405225686,-2.30839537,20.2,7.1,3.566666667,3.115331668,4.37423583,32.45097533,-0.005830904
26,-1.01159645,0.057508518,1.286152672,2.116416606,0.075017452,-2.604678295,0.140212578,-7.093871578,0.156647491,-1.7070611,0.138223751,-2.737197594,0.490138545,-2.352763062,19.53333333,6.733333333,3.666666667,2.954942933,4.325051091,29.77245806,-0.008695652
27,-0.872212872,0.073792991,1.45665766,2.460457963,0.082604155,-2.323965769,0.148632648,-7.233196617,0.127278255,-1.722471401,0.124678922,-2.505236206,0.376370195,-2.022399597,22.1,7.133333333,3.9,3.313374817,4.193223145,36.49993216,-0.009302326
28,-0.389439244,0.08766593,1.626737071,1.635204227,0.246724478,-1.071323987,0.180397927,-5.176313655,0.159907098,-1.725120849,0.12906446,-2.17308498,0.464880772,-1.513619725,23.2,7.666666667,3.866666667,3.263016029,4.236331184,38.46356998,-0.00621118
29,-0.986054248,0.060959108,1.336058861,1.643199391,0.006305359,-2.520424785,0.144714102,-8.678460521,0.123414174,-1.845699923,0.116599739,-2.744247749,0.563418017,-1.914635089,19.23333333,6.633333333,3.633333333,3.24642649,4.188291165,31.81823086,-0.006896552
30,-0.979653233,0.066836798,1.378209629,2.205057729,0.066539245,-2.702901344,0.157240451,-8.549009527,0.151689785,-1.76866516,0.137333462,-2.524504656,0.385201947,-1.702148011,20.86666667,7.133333333,3.666666667,3.029682109,4.273645728,30.75199533,-0.008438819
31,-1.154052235,0.055751579,0.84759111,1.712721226,-0.264614603,-3.030539104,0.125593014,-10.59878257,0.126791379,-1.919745209,0.128659547,-2.866390907,0.25474618,-2.248264346,18.76666667,6.7,3.566666667,3.10714848,4.37022305,30.5709938,-0.006802721
32,-1.02793683,0.061310412,1.20153979,1.385717552,-0.114842672,-2.832435784,0.126390285,-11.08468203,0.123259323,-1.939127029,0.114195276,-2.697607061,0.299529295,-2.049968561,19.43333333,6.966666667,3.533333333,3.069384679,4.285844691,32.47683265,-0.004796163
33,-0.67757404,0.072740309,1.440864897,1.310593574,-0.084210805,-1.498598756,0.183127916,-8.047864254,0.153500186,-1.634473678,0.117964803,-2.336807062,0.487289837,-1.578853156,20.06666667,6.9,3.7,3.150442388,4.568542671,32.4813957,-0.010471204
34,-1.154098368,0.048971145,1.2235623,1.547996622,-0.035247611,-2.777116702,0.159184567,-12.31049698,0.139229318,-1.839044926,0.123156574,-2.729941686,0.424939401,-1.801855594,20.93333333,7.3,3.6,3.180595316,4.194513741,33.37271361,-0.007434944
35,-1.130414404,0.051198003,0.898961096,2.072785206,-0.217432586,-2.80570619,0.124299958,-10.71733192,0.11766254,-1.957714054,0.117026474,-2.693111472,0.274882847,-2.22293975,21.53333333,7.4,3.7,3.17062381,4.271709359,34.66406035,-0.009090909
36,-0.96029807,0.063091785,1.234659528,1.787158072,0.061376465,-2.312951105,0.160652431,-7.450787493,0.152835444,-1.723343775,0.139094572,-2.332229632,0.522129361,-1.924603309,20.23333333,7.066666667,3.7,3.367727557,4.303292331,34.71273291,-0.010582011
37,-0.942701737,0.066684165,1.267447408,1.976851513,0.049512365,-2.48096265,0.171748997,-9.332561431,0.156058821,-1.699043918,0.136638416,-2.472255202,0.335899287,-1.848358558,19.86666667,7,3.6,3.098349744,4.28406956,31.71023816,-0.008695652
38,-1.063977425,0.055458986,1.154488644,1.407000081,-0.140774791,-2.510717539,0.154923226,-9.831917762,0.131487708,-1.705741868,0.115672962,-2.578153803,0.567990379,-2.072023658,20.93333333,7.033333333,3.8,3.441016987,4.315949201,36.27330013,-0.005633803
39,-0.901125202,0.066199241,1.301821556,1.531521252,-0.075618177,-2.482900539,0.161975308,-8.585275173,0.167992045,-1.72415331,0.144626987,-2.394447925,0.437036465,-1.873843777,20.63333333,7,3.7,3.014339569,4.280715876,30.76416324,-0.003144654
40,-1.154108785,0.059782406,1.200276816,1.825696348,-0.123903402,-2.801312941,0.133225997,-10.07154311,0.148199761,-1.806342511,0.132392594,-2.488295357,0.315233509,-1.867730647,18.76666667,6.733333333,3.5,3.101179256,4.183435696,30.97406424,-0.008
41,-1.130557548,0.057849997,1.103977417,1.092807501,-0.177697684,-2.492313622,0.137607854,-10.61053811,0.156503585,-1.771519144,0.130577094,-2.52077267,0.421684908,-2.046492648,21.13333333,7.2,3.7,3.227500803,4.286995234,34.42221807,-0.00877193
42,-1.097542339,0.057384419,0.861949564,1.341217492,-0.257364416,-3.005171665,0.148450979,-11.50679886,0.134832621,-1.816165803,0.120169458,-2.591947042,0.354044953,-2.187760518,22.1,7.466666667,3.766666667,3.234529275,4.219611296,36.34326706,-0.008230453
43,-1.134697911,0.055874815,1.033767944,1.496798268,-0.204463877,-2.810680647,0.126041365,-9.769627208,0.132188283,-1.882299401,0.120087964,-2.610026678,0.326841268,-2.196390356,19.76666667,6.866666667,3.666666667,3.092948904,4.276711935,31.93687024,-0.008438819
44,-1.052637289,0.062037019,1.128002296,1.767073524,-0.21806338,-2.704678068,0.130364442,-9.031494175,0.145698127,-1.833022505,0.129107145,-2.565976559,0.294829112,-1.648515398,19.8,6.9,3.666666667,3.178588731,4.213761741,31.85777711,-0.007117438
45,-1.240062369,0.043798475,0.900648816,0.717038076,-0.546471271,-2.807533753,0.113830232,-14.54494806,0.089064294,-1.970628321,0.080863782,-2.834632685,0.481745657,-1.876032301,20.5,6.866666667,3.766666667,3.399681994,4.317864762,34.92567577,-0.004008016
46,-1.07265751,0.062066266,1.332555689,1.455147402,-0.108239405,-2.354519319,0.151126208,-9.590079807,0.131669899,-1.91954621,0.116688958,-2.518407162,0.377231535,-1.738707058,21.76666667,7.133333333,3.866666667,3.133656669,4.238293902,35.24661122,-0.004291845
47,-1.061004116,0.060918594,1.065475598,1.73037011,-0.26285808,-2.611196763,0.129297091,-9.234940668,0.150792355,-1.837932053,0.136365454,-2.582580014,0.367946319,-1.834795187,19.53333333,6.833333333,3.6,3.053616038,4.342086868,31.57486731,-0.006389776
48,-0.779730438,0.078940108,2.223199603,2.507829859,0.136653974,-1.771105305,0.185464955,-7.310883385,0.14273503,-1.646006523,0.134588224,-2.134405573,0.724617845,-1.639980613,19.93333333,7.233333333,3.5,2.99630132,4.159396323,31.27674738,-0.010989011
49,-0.827685455,0.072794196,1.513969599,2.376411541,0.009505067,-2.066347287,0.181383162,-7.786112864,0.162947849,-1.648063108,0.161731219,-2.342965622,0.660582985,-1.524275635,21.63333333,7.333333333,3.766666667,3.296073596,4.166829054,36.03906301,-0.004914005
50,-1.093274391,0.056873288,0.871823438,1.422052944,-0.313511864,-2.990731797,0.148532108,-12.12440179,0.112986804,-1.84811114,0.110447097,-2.733822635,0.348637316,-1.970334362,21.73333333,7.1,3.866666667,3.449844303,4.217447548,37.75325319,-0.004385965
51,-0.931733142,0.076096503,1.337354058,1.784531822,-0.070171944,-2.69289066,0.189073262,-9.261280276,0.149108409,-1.579936864,0.158733449,-2.390829495,0.423980765,-1.728994889,19.63333333,7.033333333,3.5,3.048891835,4.303500185,31.41363921,-0.005464481
52,-1.083247376,0.058547019,1.190498235,1.407018765,-0.295596946,-2.43879692,0.159720074,-12.11535196,0.096087516,-1.937404936,0.136473035,-2.533536207,0.459087836,-1.758937742,21.46666667,7.433333333,3.633333333,3.308244563,4.111817518,35.81090974,-0.003669725
53,-0.937468652,0.06552132,1.36489097,2.102907761,-0.075100601,-2.549151147,0.185869035,-10.17845156,0.105660358,-1.869796916,0.155641512,-2.538320249,0.54533448,-1.679189733,21.06666667,7.333333333,3.7,3.140744233,4.207714951,35.1249294,-0.005319149
54,-1.018816201,0.067156675,1.175828274,1.222716221,-0.314475893,-2.452846222,0.235137823,-11.41613424,0.102021306,-1.996835589,0.137734433,-2.244580616,0.423334026,-1.501852815,22,7.2,3.9,3.38777789,4.183914829,37.39429229,-0.00309119
55,-0.521205425,0.094465956,1.663356725,3.021354472,0.247444993,-2.74679342,0.32446518,-7.915017596,0.164395674,-1.555396423,0.193783634,-2.11741877,0.573654171,-0.989758112,19.86666667,7.133333333,3.6,3.115919488,4.360106178,32.0159633,-0.007843137
56,-0.454825755,0.113026574,2.015652667,2.030708564,0.274500474,-1.302584132,0.298851632,-7.18414055,0.159472268,-1.468386202,0.193175223,-1.900185666,0.820082857,-1.266535877,23.63333333,7.566666667,4,3.704794559,4.172474577,44.37729789,-0.003134796
57,-0.575103638,0.100450092,1.647737793,1.982839373,0.294179427,-2.685640945,0.299379368,-8.648015146,0.170463319,-1.501301855,0.208330304,-2.048813478,0.524852133,-1.184924053,20.46666667,7,3.733333333,3.334839313,4.290068533,34.56975699,-0.006289308
58,-0.907772956,0.069998094,1.122067782,1.54649992,-0.072241779,-2.495671423,0.18631249,-11.38158007,0.105704878,-1.884903313,0.148680515,-2.45472542,0.340467969,-1.579921839,21.6,7.266666667,3.766666667,3.459183623,4.199488334,38.09700385,-0.007936508
59,-0.75572927,0.09001459,1.640387539,2.030805786,0.009883858,-2.42902413,0.259147412,-8.07583865,0.145921546,-1.651192065,0.186464938,-2.046752096,0.544334772,-1.135099887,21.5,7.266666667,3.766666667,3.2693557,4.180429187,35.36677178,-0.009615385
60,-0.873683294,0.073261741,1.371309602,2.156607195,-0.005876967,-2.539327453,0.204186012,-9.432552276,0.119913119,-1.798600772,0.159295205,-2.333499126,0.492263301,-1.258255482,21.03333333,6.933333333,3.833333333,3.289597845,4.308459159,34.10128267,-0.006849315
61,-0.833128674,0.07897678,1.267756726,1.926469248,0.036281179,-2.709763253,0.214908274,-9.752048701,0.132260249,-1.753123467,0.16387512,-2.337726886,0.413375709,-1.325264731,18.73333333,6.8,3.533333333,3.084502784,4.347087905,29.89413954,-0.009433962
62,-0.935810514,0.073256914,1.353602597,1.945142681,-0.080337704,-2.607767337,0.161252207,-9.684341222,0.122258282,-1.803876879,0.154408112,-2.36301671,0.40434709,-1.565795183,20.8,7.033333333,3.733333333,3.158795898,4.1623229,33.36662963,-0.005333333
63,-0.84006589,0.085440028,1.397629926,1.713754396,0.01745689,-2.089864254,0.191764969,-7.704423194,0.154181716,-1.662846416,0.168573153,-2.303460696,0.530007919,-1.543932098,19.16666667,6.8,3.566666667,3.130007435,4.371079746,32.24411634,-0.00617284
64,-0.927682239,0.080872148,1.497456108,1.912945274,-0.006117462,-2.590330447,0.213526965,-9.955593969,0.113278407,-1.695015616,0.143885185,-2.278303296,0.469333757,-1.451334734,19.16666667,6.8,3.566666667,3.072136067,4.224828864,29.20968023,-0.00921659
65,-0.787758653,0.078972103,1.219357039,2.449538333,-0.129374595,-2.26032554,0.206587008,-9.215653942,0.137391507,-1.70339115,0.153521051,-2.269520144,0.356245212,-1.161787953,19.73333333,6.866666667,3.6,3.075356468,4.208138142,32.19696481,-0.006872852
66,-0.94315908,0.074497466,1.35229675,1.39345974,-0.24699585,-2.317349746,0.178813629,-9.6699904,0.126742007,-1.765140193,0.147294638,-2.344608705,0.471730948,-1.441918248,20.8,7.166666667,3.6,3.20507433,4.2105828,35.25725825,-0.008810573
67,-0.870019958,0.079626038,1.252462722,1.806675001,0.016366497,-2.87322417,0.213729062,-10.09074384,0.133690336,-1.695216021,0.14710639,-2.376599322,0.419745441,-1.641459329,19.96666667,7.133333333,3.533333333,3.263321927,4.274075265,34.35073,-0.010416667
68,-0.90103044,0.086471435,1.196601954,1.673649452,-0.248169173,-2.538769749,0.214202492,-9.359652539,0.149928224,-1.645578077,0.143637686,-2.067943475,0.346103236,-1.1213759,21,7.133333333,3.733333333,3.182448229,4.181172746,33.16737596,-0.010928962
69,-0.835147495,0.092575453,1.345554829,1.936235437,-0.037876385,-2.510076739,0.283655903,-10.27404463,0.141686605,-1.557441907,0.142361081,-1.978842001,0.586761492,-1.048587564,20.26666667,7.266666667,3.5,2.819499743,4.262862779,28.43700182,-0.006968641
70,-0.815915381,0.087771134,1.19559695,1.911196792,-0.136707478,-2.684178643,0.21461777,-8.51744856,0.168230636,-1.624719356,0.160175633,-2.292202885,0.406899394,-1.438364138,21.9,7.566666667,3.7,3.266992346,4.235838134,35.89760803,-0.006289308
71,-0.62596973,0.097996364,1.497585871,2.002953116,0.041414008,-2.553287256,0.281807041,-9.785612208,0.149025956,-1.558889737,0.145839059,-1.994542813,0.506464607,-1.260419693,19.16666667,6.9,3.5,3.120223062,4.352530968,31.50337934,-0.010050251
72,-0.750215762,0.106090882,1.170565791,2.040505237,-0.03487035,-2.300586641,0.231914964,-8.517730704,0.176092825,-1.502967639,0.17265237,-1.99172824,0.522490133,-1.347282362,19.3,6.833333333,3.6,3.085339502,4.282215139,31.03642612,-0.008264463
73,-0.742865392,0.10951671,1.414012889,1.613654976,-0.027440227,-2.214734586,0.25157971,-9.682063966,0.154665442,-1.465540866,0.140817338,-1.84879342,0.578023677,-1.328728821,20.23333333,7.2,3.566666667,3.133607052,4.277632303,32.88142405,-0.006734007
74,-0.875521358,0.085463615,1.229298316,1.292533686,-0.221352688,-2.303587085,0.19765733,-9.959158189,0.115139797,-1.710950978,0.109976034,-2.001209442,0.537246459,-1.363845951,20.16666667,7,3.7,3.329825222,4.142861235,35.25421617,-0.005714286
75,-0.840373402,0.105219484,1.419065686,2.271746067,-0.016027566,-1.986235407,0.220769813,-7.889419124,0.146873859,-1.600607,0.138353902,-1.728360557,0.559922524,-1.178643877,19.6,6.966666667,3.666666667,3.362027388,4.19433519,35.43065468,-0.010416667
76,-0.808333801,0.115699785,1.625908213,2.22187676,0.157282778,-2.351084914,0.247802602,-8.944515907,0.164542316,-1.584491649,0.148744621,-1.730315735,0.547614099,-1.224943521,18.33333333,6.9,3.4,2.887529546,4.292778816,28.40962334,-0.008064516
77,-0.551864657,0.118495471,2.171919474,1.992705184,0.243906844,-1.202443052,0.276684111,-6.155893055,0.165746681,-1.519238041,0.136057481,-1.574176348,0.986899715,-0.915784105,19.16666667,6.866666667,3.533333333,2.886107082,4.353567294,29.26747913,-0.006688963
78,-0.582763784,0.106051949,1.721302355,2.051250761,0.256631897,-1.404817182,0.241639708,-4.759740938,0.19272293,-1.509825034,0.164808836,-1.777830558,0.971374155,-0.915691824,19.93333333,6.8,3.7,3.150620513,4.215428691,32.05855186,-0.006896552
79,-0.829042946,0.056979815,1.122553724,1.985558883,-0.035595271,-2.280399943,0.179929128,-7.255624947,0.130797089,-1.770118016,0.125607044,-2.381055542,0.515797906,-1.22700482,19.8,6.866666667,3.633333333,2.890682707,4.252939963,30.13598182,-0.007936508
80,-0.888829507,0.053812557,0.901094744,1.005227561,-0.437894942,-3.063003827,0.198781609,-11.33208359,0.111326881,-1.678236738,0.102038427,-2.547886335,0.400611014,-1.175836577,18.16666667,6.466666667,3.6,3.164314496,4.346989852,30.08274606,-0.003838772
81,-0.971315255,0.055225917,1.037635317,1.678203629,-0.391090598,-3.100470872,0.155942365,-11.85652209,0.112965821,-1.782988467,0.115991765,-2.508092099,0.413182038,-1.215693885,22.46666667,7.4,3.833333333,3.462040492,4.073626945,39.85834562,-0.007017544
82,-0.84643713,0.066576286,1.075716075,1.520942412,-0.146240521,-2.555433343,0.189770497,-9.846806438,0.139408665,-1.580790069,0.131637865,-2.35902522,0.515433081,-1.274103037,21.76666667,7.4,3.766666667,3.296533408,4.220658652,37.40341846,-0.005434783
83,-0.799134457,0.071989338,1.583349227,1.667637096,-0.303914078,-2.044482412,0.210482403,-8.12380477,0.157296466,-1.458287002,0.13233326,-2.261761108,0.670889614,-1.300958983,21.2,7.066666667,3.833333333,3.319164009,4.232227626,36.15770249,-0.005181347
84,-0.866696146,0.063420006,1.068664357,1.080624778,-0.320340926,-2.695283488,0.202061488,-11.33356815,0.147355788,-1.542646691,0.128064261,-2.426663568,0.826813503,-1.085332717,20,6.833333333,3.733333333,3.229990013,4.329707775,33.25407409,-0.003875969
85,-0.615814146,0.081252427,1.334093888,2.080466095,-0.172573183,-1.983318049,0.229973132,-7.004481902,0.181686006,-1.477382012,0.16029478,-2.023266114,0.593138625,-0.752635124,19.13333333,6.966666667,3.466666667,3.033851072,4.301476838,30.27439468,-0.004056795
86,-0.573170347,0.078212567,1.233619279,1.704541961,-0.144735848,-2.094646124,0.217029472,-9.092334604,0.166537121,-1.510379507,0.1419196,-2.110058188,0.547550153,-0.940379145,21.16666667,7.2,3.733333333,3.40108712,4.317374053,37.0596678,-0.008333333
87,-0.883617421,0.067836978,1.052314305,1.574940179,-0.257961211,-2.7788096,0.190146505,-10.91710196,0.154178244,-1.550819047,0.139699342,-2.326620267,0.531642782,-1.183717077,20.8,7.1,3.7,3.304126336,4.185117058,35.02454221,-0.007326007
88,-0.800580677,0.065835589,0.798176085,2.299963049,-0.144279248,-2.754048821,0.214213839,-9.818251403,0.159780055,-1.682405786,0.146781518,-2.294636041,0.4234267,-0.967706571,18.33333333,6.766666667,3.5,2.803186073,4.284069463,27.31296754,-0.008733624
89,-0.731513376,0.070072947,1.348959128,1.945175698,-0.198260998,-1.970415994,0.209697037,-7.98459803,0.139440044,-1.693584292,0.126946682,-2.231252454,0.52127002,-1.176009698,20.26666667,7,3.733333333,3.266016608,4.310254231,34.03587869,-0.005076142
90,-0.559252584,0.081581972,2.025683085,0.95654883,-0.183062028,-1.066639191,0.275360833,-8.933213988,0.131334687,-1.446360636,0.122794777,-1.98936132,0.932624914,-1.191960953,24.06666667,7.566666667,4,3.550042528,4.695197979,42.86236123,-0.003016591
91,-0.871079113,0.065734847,1.300864591,2.162706206,-0.229166485,-2.600935874,0.194748058,-9.913544474,0.137807047,-1.642794158,0.134497604,-2.266977428,0.627763303,-1.248230503,21.23333333,7.2,3.733333333,3.396183334,4.166152794,36.01168465,-0.008888889
92,-0.753072413,0.071661285,1.599589235,1.823602851,0.039232148,-2.713102548,0.234358915,-9.274726325,0.154644458,-1.732435009,0.133400022,-2.224915053,0.59394932,-0.953928279,18.16666667,6.6,3.466666667,2.910576491,4.421904554,26.55245722,-0.006644518
93,-0.481555803,0.086618221,1.382545059,1.68724959,-0.053242551,-1.779782903,0.222006274,-7.531440923,0.149355328,-1.65645642,0.125667502,-1.868586537,0.434717611,-0.97695288,19.96666667,6.966666667,3.7,3.146301746,4.394257021,32.21369609,-0.003891051
94,-0.887837708,0.079109646,1.274813375,2.152077481,-0.179169015,-2.089010353,0.185652636,-7.221192849,0.165813915,-1.633144076,0.152765699,-2.014171516,0.499108876,-0.977887728,20.8,6.966666667,3.766666667,3.103436153,4.118621013,32.94378592,-0.007936508
95,-0.829028383,0.068761924,1.433377412,1.828854769,-0.038012781,-2.538527755,0.205096872,-9.712839134,0.147685248,-1.662940746,0.134930917,-2.218800947,0.567572181,-0.892012281,19.1,6.8,3.533333333,3.079517415,4.297482159,30.22420114,-0.007604563
96,-0.717094974,0.071428593,1.34505776,2.575015794,-0.039615449,-2.380788761,0.213242306,-8.972533397,0.162326461,-1.733699166,0.147813445,-2.18122644,0.470448497,-1.036867496,19.36666667,6.933333333,3.533333333,2.925917153,4.323371051,29.29029437,-0.009569378
97,-0.785846065,0.078997649,1.329427976,1.930023687,-0.117480564,-1.867066373,0.200677266,-7.662603022,0.143716674,-1.631829263,0.139887104,-2.064318017,0.67575043,-1.077997165,22.83333333,7.366666667,3.9,3.198496957,4.007349293,36.63073986,-0.007352941
98,-0.785582036,0.072440999,1.399409065,1.743891345,-0.195613036,-2.020364998,0.180157375,-8.521012903,0.166911136,-1.690658185,0.145219043,-2.085336274,0.573897907,-1.052678325,22.5,7.266666667,3.9,3.522646552,4.199395394,40.43329146,-0.007968127
99,-0.715624825,0.07749546,1.238215897,1.705464471,-0.218896395,-2.284377571,0.206168032,-6.879900751,0.190857173,-1.597159452,0.162781408,-1.980371689,0.609619306,-0.941609394,20.23333333,7.066666667,3.633333333,2.992031148,4.214746741,31.70719609,-0.006116208
100,-0.955519577,0.057965741,1.272448364,1.225360419,-0.362989503,-2.245848396,0.179294075,-10.44131906,0.119855541,-1.87638636,0.109803051,-2.400794318,0.605308277,-1.252118293,20.83333333,7,3.766666667,3.093608535,4.185208991,32.80993614,-0.005319149
101,-1.014960108,0.058261688,0.933340393,1.088933773,-0.473175766,-2.81227065,0.165456175,-11.72779933,0.150224187,-1.811448013,0.126704533,-2.47763153,0.443061539,-1.711630429,20.66666667,7.033333333,3.766666667,3.522587781,4.324829651,36.64747119,-0.003773585
102,-0.852142319,0.070923689,1.104974988,1.630244835,-0.316679859,-2.447619871,0.175298511,-10.10330886,0.168979054,-1.582965066,0.145242505,-2.213983118,0.518140787,-1.459990547,21.73333333,7.366666667,3.7,3.334568179,4.17995377,36.38433459,-0.007272727
103,-0.633416809,0.080879334,1.411558243,1.388847534,-0.014931285,-1.971077409,0.228832869,-7.557910201,0.164239115,-1.469273408,0.143907347,-2.038357097,0.733568594,-1.329760614,20.23333333,6.9,3.766666667,3.193377467,4.280291555,32.89815535,-0.003921569
104,-0.589009127,0.088372651,1.18316716,1.049553036,-0.201127291,-1.968100344,0.220221297,-9.261312784,0.191034511,-1.351950571,0.148773541,-1.913429024,0.692581892,-1.106055054,18.96666667,6.7,3.533333333,3.036955769,4.376470416,28.74424794,-0.002989537
105,-0.653717103,0.088732505,1.672829461,2.243082376,0.224624581,-1.478177523,0.233639089,-7.208880447,0.203057161,-1.491793113,0.169794431,-1.89008526,0.585687773,-1.285563265,21.03333333,7.233333333,3.7,2.978925732,4.222121566,32.07072004,-0.009478673
106,-0.623742737,0.089188575,1.600071814,1.73377057,0.002741158,-1.258208138,0.238094175,-6.183885491,0.1613125,-1.63047821,0.133930165,-1.889975997,0.652790014,-0.956108447,18.93333333,6.666666667,3.566666667,3.088846467,4.256517943,30.58164089,-0.007490637
107,-0.981456135,0.061540791,0.956312758,1.363053052,-0.257833981,-2.44580279,0.173153736,-10.30555889,0.148946376,-1.725884379,0.120972707,-2.486558161,0.487012736,-1.574011267,21.73333333,7.433333333,3.7,3.133944436,4.207291919,35.07017274,-0.007462687
108,-0.744028572,0.071758148,1.225270461,2.108486795,-0.067071497,-2.519906203,0.207839035,-9.655471813,0.159125474,-1.586947816,0.152065288,-2.166836506,0.563546182,-1.46036422,20.06666667,7,3.633333333,3.104275805,4.330081767,32.48595874,-0.008658009
110,-0.768546004,0.069147603,1.422298614,1.598045345,-0.079487976,-2.438108216,0.226355785,-7.221713248,0.148574551,-1.706728627,0.125940843,-2.204834892,0.74858529,-0.989948268,19.16666667,6.6,3.633333333,3.198762976,4.307916732,31.10487202,-0.00619195
111,-1.038131546,0.057751363,1.171787794,1.256430408,-0.295437561,-2.308742632,0.166295728,-9.670567571,0.118397796,-1.82273003,0.107570811,-2.368967639,0.559403128,-1.552913062,19.06666667,6.566666667,3.7,3.142340593,4.22898723,31.85017207,-0.005128205
112,-0.946087236,0.058717975,1.248470491,1.594287101,-0.147684819,-2.130366348,0.199973739,-9.709744849,0.120992592,-1.76875166,0.116570379,-2.220930676,0.604142912,-1.338201678,21.36666667,7.633333333,3.533333333,3.096095833,4.308904308,33.99785321,-0.007490637
113,-0.777585465,0.073278028,1.370511287,1.252485006,-0.188938709,-1.875848763,0.203093319,-9.377803377,0.138793793,-1.656200088,0.117986552,-2.070300092,0.637945066,-1.481978427,23.2,7.6,3.9,3.612374525,4.225663737,42.19919636,-0.002928258
115,-0.801071667,0.059007883,1.117940269,1.279391224,-0.267039129,-2.354928149,0.221961629,-10.7305522,0.143172289,-1.773043485,0.128304595,-2.345034171,0.506560389,-1.172919811,19.7,6.833333333,3.666666667,3.196751649,4.314101328,32.88142409,-0.00877193
116,-0.860455623,0.061273112,0.964006813,0.903361207,-0.174815052,-2.549874063,0.197281381,-11.14132564,0.127541791,-1.783048141,0.111708959,-2.086466471,0.5648175,-1.666579692,20.43333333,6.9,3.766666667,3.426643727,4.235045622,35.43217568,-0.006042296
117,-0.841104128,0.066833406,1.446564145,1.443609246,-0.213469527,-2.258385124,0.211156467,-8.692203939,0.131897743,-1.715790164,0.118870807,-1.934367528,0.679547543,-1.506971017,20.66666667,6.766666667,3.866666667,3.299559371,4.342121825,35.39567117,-0.00477327
118,-0.763164332,0.07099494,1.456225048,2.748343607,0.118749441,-2.425151134,0.230776823,-9.166639365,0.128388188,-1.658475227,0.131671509,-2.005833642,0.681309951,-1.30767348,19.5,7.1,3.5,2.99947058,4.226373945,30.14814998,-0.007722008
119,-0.805522972,0.069011818,1.416748274,2.426471789,-0.037262913,-2.562321275,0.227127048,-9.514458442,0.135708383,-1.676994915,0.132030425,-2.012554929,0.862847861,-1.305057268,20.33333333,7.166666667,3.633333333,3.161037463,4.326835034,31.56878318,-0.006644518
120,-0.964777114,0.063539435,1.221625482,1.837753464,-0.186398613,-2.50494242,0.209096328,-9.420373198,0.137808212,-1.647155548,0.127203894,-2.055757055,0.558379582,-1.323767193,19.7,6.8,3.7,3.116041654,4.203712695,32.32929364,-0.00862069
121,-0.848298296,0.066260353,1.275468822,1.846818839,-0.182493458,-2.311529162,0.233890383,-8.435312892,0.156955947,-1.480154175,0.139494063,-1.950224596,0.581849277,-1.327110261,20.36666667,7.133333333,3.666666667,3.14684786,4.258625277,32.68673347,-0.004651163
122,-0.206237087,0.101552942,1.824723259,1.654639895,0.23405526,-0.899203329,0.279105047,-6.018911963,0.205544506,-1.317964256,0.155068173,-1.498725499,0.669049909,-0.576092501,22.23333333,7.533333333,3.7,3.117120701,4.381663357,36.557731,-0.008130081
123,-0.644902356,0.074013965,1.228222888,1.708153094,-0.129862223,-2.252546527,0.241747483,-8.583026226,0.168121641,-1.457441281,0.156392896,-1.893555585,0.59017999,-0.804111582,20.4,6.966666667,3.733333333,3.275371771,4.197167082,34.79790999,-0.006557377
124,-0.671215643,0.081889463,1.267132577,2.21015835,0.107978981,-2.397727503,0.258432241,-6.648186702,0.162853612,-1.521681074,0.153325266,-1.721986853,0.559374108,-0.737795666,18.83333333,6.666666667,3.633333333,2.965337007,4.148189386,29.30550455,-0.006711409
125,-0.770772229,0.069906563,1.232075739,2.003387249,-0.010394587,-2.719081761,0.230658178,-9.337018817,0.160502559,-1.527872073,0.156192518,-1.928882041,0.604580816,-1.281601108,19.36666667,6.966666667,3.533333333,3.091332965,4.284552097,31.18548611,-0.005221932
126,-0.667636415,0.07815402,1.280744047,1.26219611,-0.109018677,-2.164232273,0.254284551,-8.246890254,0.185243155,-1.412764028,0.155350966,-1.830554445,0.694330703,-0.990547157,20.43333333,6.833333333,3.833333333,3.328163292,4.388392575,35.10363526,-0.005221932
127,-0.642633782,0.079436544,1.308907574,1.657202348,0.047608504,-2.427000811,0.257728712,-8.61900776,0.202614812,-1.445623838,0.169390992,-1.843470668,0.631626511,-1.198674117,20.9,7.166666667,3.666666667,3.082117335,4.272752553,31.87298744,-0.006779661
128,-0.413540733,0.097793686,1.255724981,1.092517732,-0.164969402,-1.63681284,0.231063882,-8.544131001,0.182387448,-1.369381623,0.151392035,-1.648118878,0.521572672,-0.986480069,21.56666667,7.233333333,3.833333333,3.534644124,4.40591476,38.96854864,-0.008474576
129,-0.799164438,0.073732249,1.499640117,1.558860119,-0.290894204,-2.15810637,0.241777914,-7.712279173,0.158008681,-1.554656754,0.139258821,-1.837855503,0.717595043,-1.028038726,22.5,7.333333333,3.9,3.319228522,4.165621146,35.9599697,-0.007936508
130,-0.335942417,0.122244215,1.708933671,1.946359293,0.197212393,-1.18123507,0.299604565,-3.472345744,0.215235131,-1.318843974,0.177682502,-1.210901909,0.834702804,-0.768291768,21.16666667,7.266666667,3.7,3.359048305,4.142575047,36.37216641,-0.006535948
131,-0.609168625,0.085584928,1.71520324,1.722314582,0.041229519,-1.250796321,0.272450958,-6.408902571,0.156873732,-1.428273295,0.131450784,-1.608038582,0.793090175,-1.176404759,18.9,6.666666667,3.6,3.07927593,4.268139458,30.89040804,-0.008658009
132,-0.437532101,0.109119287,1.983720843,1.694978998,0.318682042,-1.027797005,0.294252872,-4.541697901,0.175287587,-1.39063864,0.152042938,-1.279226304,0.959059016,-1.120559476,22.1,7.266666667,3.833333333,3.438837492,4.227446054,37.8536404,-0.008849558
133,-0.72356895,0.07268691,1.337787637,3.279203561,-0.003635746,-2.45188123,0.236889763,-7.107292758,0.172015912,-1.570460214,0.162381894,-1.807417505,0.592915507,-1.105514854,20.1,7.1,3.6,3.032006001,4.2877319,30.14510788,-0.005780347
134,-0.817282548,0.072443581,1.15790095,2.135199565,-0.193353284,-2.71075478,0.207779696,-9.762169726,0.130623481,-1.57621105,0.132500722,-1.790748558,0.467425336,-1.185101742,20.13333333,6.933333333,3.633333333,3.079103686,4.193072914,30.96493804,-0.010416667
135,-0.802237646,0.061395906,1.326623944,1.863635462,-0.056668064,-2.168502972,0.19510307,-7.837891953,0.167441799,-1.629236385,0.139330018,-2.035525936,0.624484678,-1.077814307,21.23333333,7.333333333,3.633333333,3.041413035,4.289260786,32.26084762,-0.009009009
136,-0.807298424,0.05421634,1.240948564,1.028488475,-0.212308726,-2.288581335,0.197814052,-9.399461806,0.119408102,-1.647222421,0.110153035,-2.098637727,0.594175802,-1.375772649,20.63333333,7.066666667,3.666666667,3.177433564,4.332210835,33.55371519,-0.007168459
137,-0.969215182,0.047993009,0.983686265,1.376488749,-0.32277567,-2.436233738,0.17056485,-10.35497871,0.134312579,-1.737389842,0.111375132,-2.331957149,0.489856292,-1.415827008,22.36666667,7.533333333,3.8,3.208650269,4.24692245,35.29376289,-0.007936508
138,-0.923551737,0.057114918,1.024699925,1.590385534,-0.214062717,-2.415763567,0.175469732,-10.2103633,0.13347985,-1.630104283,0.132033233,-2.109559447,0.48136436,-1.552875431,22.13333333,7.466666667,3.766666667,3.319511463,4.269338179,37.31215718,-0.004716981
139,-0.799271735,0.052692634,0.920496546,1.431577716,-0.347332458,-2.647142537,0.201162154,-9.487003474,0.139837119,-1.717175056,0.127995254,-2.147274974,0.391717775,-1.267857776,19.33333333,6.866666667,3.633333333,2.93538543,4.360259563,29.74355857,-0.006493506
140,-0.780498349,0.058446896,1.1737576,1.548780301,-0.177714232,-2.48616275,0.221152005,-9.999474328,0.148206466,-1.622450556,0.131012694,-2.031709888,0.628616671,-1.370988957,21.03333333,7,3.866666667,3.290683568,4.29031253,33.28449462,-0.009803922
141,-0.745564898,0.065568448,1.17805258,1.926112971,-0.072472047,-2.318737951,0.206367599,-8.975541237,0.15920975,-1.532736178,0.140832159,-1.999211671,0.569847971,-1.173685109,21.63333333,7.3,3.733333333,3.328739319,4.244330915,35.89912901,-0.007874016
142,-0.936323443,0.050119005,0.92897354,1.076380831,-0.252568857,-2.586624794,0.202230176,-12.62654051,0.154328624,-1.642288487,0.13272056,-2.279800074,0.597075995,-1.361626935,20.8,7.033333333,3.766666667,3.266485592,4.345255769,34.16820752,-0.005970149
143,-0.805559294,0.054381621,1.012057717,1.646828124,-0.178902532,-2.659649927,0.214310248,-11.36704131,0.140939788,-1.756232606,0.133613291,-2.141647238,0.586929291,-1.093917447,20.06666667,6.9,3.733333333,3.124394575,4.301756142,30.6561709,-0.006802721
144,-0.809350451,0.056268768,1.0702245,1.328765765,-0.389836945,-2.365582562,0.34394851,-9.887253962,0.119487575,-1.647583409,0.109572147,-2.00855448,0.469995981,-1.229927095,20.16666667,6.8,3.7,3.046915505,4.195472744,32.04334178,-0.006097561
145,-0.772140374,0.063987605,1.230649162,2.155787764,-0.144843275,-2.091081601,0.214304244,-7.30439696,0.175972576,-1.645974161,0.154273481,-1.924529997,0.548229742,-0.931892253,20.43333333,6.8,3.8,3.129656199,4.210753477,30.96798011,-0.009433962
146,-0.864380839,0.051913851,1.074247413,1.434947191,-0.294084743,-2.476672266,0.228258745,-10.02008486,0.161639902,-1.619634047,0.136310219,-2.139667804,0.484516292,-1.196618831,19.56666667,7.033333333,3.533333333,3.095093949,4.242790327,31.82127267,-0.008298755
147,-0.841302186,0.056953793,1.183585665,1.639636144,-0.340725421,-2.747269496,0.192673871,-10.10026839,0.147351884,-1.648545331,0.13282647,-2.05982876,0.623416231,-1.437789288,20.16666667,6.866666667,3.7,3.224677285,4.137732062,32.40382357,-0.008733624
148,-0.910405245,0.058420236,1.332806882,2.141698929,-0.125716594,-2.151738001,0.192807231,-8.354084531,0.16186436,-1.703783334,0.145490811,-2.097722757,0.476527926,-1.250386721,21.1,6.933333333,3.833333333,3.155074595,4.163629118,32.73388503,-0.008583691
149,-0.904628513,0.054814961,1.362197311,1.519218409,-0.254312556,-1.975160124,0.189088332,-9.560597794,0.116488094,-1.618202025,0.111877518,-2.128546899,0.873007824,-1.610757002,21.76666667,7.133333333,3.833333333,3.334543662,4.262725716,35.44586481,-0.009708738
150,-0.666627754,0.091442201,1.395120356,1.705618413,-0.094685952,-1.511563188,0.247619437,-6.398275721,0.18889572,-1.420259282,0.158426251,-1.61207828,0.586844832,-0.882817514,22.73333333,7.266666667,3.966666667,3.417399156,4.206132699,38.83469884,-0.007692308
151,-0.814612772,0.080415948,1.37889886,1.751153025,-0.066465037,-2.211301491,0.228261371,-8.846792704,0.177839597,-1.442004524,0.157162686,-1.810391242,0.630729284,-1.237976882,21,7,3.8,3.410998166,4.3155099,36.29611538,-0.004192872
152,-0.680580578,0.082627738,1.204708372,1.152461471,-0.082194986,-2.101512368,0.270117239,-7.930569954,0.188009728,-1.383841472,0.152150685,-1.665006707,0.679390504,-0.855971477,19.36666667,6.833333333,3.6,3.141423851,4.32837776,30.98775333,-0.0041841
153,-0.701866857,0.078172805,1.20336699,1.945385035,-0.015342499,-1.982448335,0.258997767,-8.761564202,0.170486586,-1.484128335,0.149968643,-1.780668959,0.490133551,-0.959562926,20.46666667,7.1,3.633333333,3.132732395,4.324395711,31.86538225,-0.007194245
154,-0.810606049,0.078304925,1.156505575,1.310208614,-0.397461344,-2.691728537,0.262196114,-9.289755289,0.144962867,-1.449671773,0.134380051,-1.821687179,0.618253922,-1.002568261,21.2,7.133333333,3.8,3.399973158,4.27624937,35.7500689,-0.008196721
155,-0.738633051,0.085949649,1.052676018,1.197094344,-0.464578339,-1.873806717,0.26586358,-8.461583581,0.244980827,-1.193818867,0.181479009,-1.938361901,0.693278241,-1.007337357,21,7.266666667,3.633333333,3.193711764,4.245704011,33.34685648,-0.006578947
156,-0.140923016,0.089869127,1.186282294,1.468858434,-0.289467321,-1.771459477,0.315062397,-8.242011299,0.172993171,-1.337950319,0.150604423,-1.579317632,0.854042552,-0.689059921,20.53333333,6.966666667,3.8,3.278213056,4.320485118,33.8594404,-0.005970149
157,-0.715397841,0.070673516,1.056868816,1.181117156,-0.289904341,-2.334252587,0.239465759,-9.046225016,0.178422161,-1.453459972,0.14450721,-2.030587303,0.687122723,-0.75491452,21.03333333,6.966666667,3.833333333,3.217442564,4.252629795,32.8738189,-0.004219409
158,-0.64354023,0.084394485,1.43386655,2.150116479,-0.143593149,-1.870905344,0.272376648,-7.093532216,0.206660706,-1.256066285,0.167157511,-1.8706192,0.741990843,-0.788510332,20.16666667,7.1,3.6,2.989541584,4.250317756,31.11095611,-0.008547009
159,-0.603744412,0.08633299,1.614033367,1.552075741,-0.184562843,-2.124907327,0.306507724,-8.877728125,0.16259117,-1.332236723,0.134748668,-1.608415785,0.936365974,-0.777502331,21.1,7.166666667,3.733333333,3.120325823,4.336643024,31.33758811,-0.009049774
160,-0.739220546,0.077628094,1.251139694,1.40826688,-0.415995385,-1.97871051,0.271241826,-7.881106883,0.226323418,-1.29742157,0.168219242,-2.009280412,0.65219361,-0.633508796,18.53333333,6.466666667,3.6,3.148288977,4.227968753,30.1876966,-0.009756098
161,-0.561745897,0.096683896,1.757558329,1.233792579,-0.108694612,-1.187431693,0.302119892,-6.460398044,0.23887523,-1.166160666,0.175110891,-1.670741533,1.265114246,-0.723705477,23.6,7.533333333,4,3.522489293,4.147929559,42.33304627,-0.007326007
162,-0.539082506,0.089253381,1.21338762,2.064631348,-0.296647879,-1.914639275,0.274046618,-7.419204107,0.234743745,-1.247664221,0.189024677,-1.769817338,0.638334118,-0.588471847,20.86666667,7.266666667,3.666666667,3.013696364,4.1175177,32.22282221,-0.006578947
163,-0.600662866,0.080342832,1.089650302,0.916570858,-0.401603366,-2.247428438,0.28669568,-10.41500732,0.193606066,-1.322442688,0.148207593,-1.946422967,0.693858023,-0.783698143,21.2,7.066666667,3.733333333,3.395040464,4.295044364,37.04141554,-0.006557377
164,-0.685809287,0.07089747,1.048865109,1.078424675,-0.446857618,-1.978269153,0.26718886,-9.898620996,0.207546583,-1.243065732,0.14783149,-1.94568977,0.728963348,-0.803940306,20.8,7.066666667,3.7,3.231719954,4.237686848,34.30205743,-0.005747126
165,-0.61888633,0.076870661,1.546300576,1.455534703,-0.247802631,-2.071181994,0.275875787,-8.893020942,0.162477684,-1.398154912,0.128225087,-1.852178895,0.898914064,-0.672235645,21.06666667,7.2,3.7,3.157954239,4.355863275,31.77564204,-0.008130081
166,-0.57230942,0.087170757,1.133545151,1.983357075,-0.303519264,-2.10783095,0.275887076,-6.853108499,0.20841638,-1.318039292,0.167539207,-1.780996079,0.716927166,-0.639060282,19.33333333,6.8,3.633333333,2.978466436,4.212830731,30.96341706,-0.007905138
167,-0.582080094,0.077296894,1.447678871,1.537656591,-0.269931206,-1.961944257,0.282570952,-9.130725779,0.158537663,-1.39666702,0.12503472,-1.848268108,0.949798552,-0.700327393,21.36666667,7.233333333,3.766666667,3.214575741,4.351325389,32.17110744,-0.00877193
168,-0.749804772,0.073363299,0.905313941,0.824201287,-0.604375146,-2.654871879,0.244404532,-11.12307497,0.168484658,-1.455776645,0.124096471,-2.095915463,0.590647362,-0.777670408,19,6.7,3.566666667,3.168269844,4.316971737,30.84781948,-0.005649718
169,-0.564646207,0.080902745,1.012340939,1.630027173,-0.380213566,-2.249961334,0.278290883,-9.115086776,0.201923267,-1.319263996,0.159058765,-1.911995776,0.69050319,-0.700701509,18.96666667,6.766666667,3.566666667,3.022552754,4.364582771,29.89261852,-0.006711409
170,-0.818188952,0.078874673,1.377502719,1.351747591,-0.320256173,-2.061359382,0.265746189,-8.699487665,0.175887256,-1.393656266,0.142235774,-1.948690665,0.801454195,-0.85675348,19.4,6.933333333,3.566666667,2.964279321,4.228962912,29.44848051,-0.008695652
171,-0.586763506,0.088482822,1.274156814,1.088786851,-0.310309107,-1.916600409,0.299250878,-7.443422213,0.245213074,-1.183983008,0.176567578,-1.863286088,0.875698675,-0.818974146,19.7,6.733333333,3.733333333,3.25070188,4.270470822,33.85183527,-0.008438819
172,-0.61311317,0.089561352,1.491404416,1.326176417,-0.090887864,-1.734465423,0.292435998,-7.701618297,0.231660916,-1.131039713,0.181357447,-1.832592264,1.049469739,-0.994186611,21.16666667,7.433333333,3.633333333,3.036877693,4.276119261,32.49508486,-0.008403361
173,-0.792090354,0.072787787,0.983262368,1.528545336,-0.374513755,-2.172758561,0.230661381,-9.606317545,0.181839104,-1.4124916,0.14169269,-1.942014483,0.562148794,-0.984071343,20.3,6.866666667,3.733333333,3.183003072,4.237389742,31.66917061,-0.00921659
